Spannung,2,3,4,5,6,7,8,9,10,11,12,13,14,15,16,17,18,19,20
white,2.671367,2.705019,2.737396,2.763295,2.787635,2.812697,2.833538,2.853756,2.875193,2.895164,2.912689,2.931442,2.947681,2.963219,2.980281,2.995236,3.009616,3.025819,3.041485
white,2.668569,2.702341,2.734985,2.760935,2.785469,2.810838,2.831846,2.85209,2.87352,2.893683,2.911215,2.93005,2.946305,2.961936,2.979053,2.994191,3.008672,3.02478,3.040685
white,2.667891,2.701716,2.734344,2.760293,2.784925,2.810011,2.831144,2.851505,2.87285,2.893212,2.910606,2.929542,2.945893,2.961494,2.978651,2.993818,3.008544,3.024704,3.040539
white,2.668879,2.702481,2.734962,2.76081,2.785346,2.810609,2.831506,2.85178,2.873166,2.893295,2.91092,2.929648,2.946076,2.961674,2.97893,2.994012,3.008634,3.024772,3.040556
white,2.668789,2.702527,2.734823,2.760739,2.785197,2.810434,2.831585,2.852021,2.873432,2.893544,2.91115,2.92991,2.946025,2.961601,2.97879,2.993925,3.008532,3.024643,3.040502
white,2.667979,2.701727,2.734259,2.760332,2.78486,2.810116,2.831181,2.851365,2.872909,2.8931,2.910749,2.929523,2.9458,2.961371,2.97863,2.993737,3.008322,3.024387,3.040257
white,2.668256,2.701959,2.734364,2.760448,2.784982,2.81014,2.831226,2.851356,2.872802,2.893003,2.910485,2.929423,2.945695,2.96137,2.978554,2.993755,3.008224,3.02443,3.040304
white,2.668225,2.701918,2.734366,2.760387,2.784695,2.810001,2.831119,2.851498,2.872971,2.893095,2.910619,2.929607,2.945745,2.961429,2.978589,2.993639,3.008188,3.024378,3.040224
white,2.668053,2.701986,2.734461,2.760408,2.784914,2.809871,2.830891,2.851311,2.872781,2.892861,2.91049,2.929324,2.945694,2.961277,2.978426,2.993501,3.00813,3.024339,3.040276
white,2.668584,2.702474,2.734668,2.760859,2.785202,2.810327,2.831373,2.851573,2.872963,2.893141,2.910742,2.92955,2.945725,2.961366,2.978601,2.993706,3.008193,3.024285,3.040169
white,2.668082,2.701798,2.73419,2.760284,2.78459,2.809825,2.830948,2.851259,2.872946,2.893128,2.910436,2.929301,2.945594,2.961153,2.978253,2.993387,3.007978,3.024124,3.040018
white,2.66773,2.701773,2.734188,2.760068,2.784775,2.809889,2.830868,2.851388,2.872702,2.893028,2.910578,2.929404,2.945693,2.961363,2.978669,2.993765,3.008282,3.024349,3.040288
white,2.668933,2.702614,2.734995,2.761108,2.785494,2.810571,2.831709,2.851923,2.873282,2.8936,2.911186,2.929969,2.946267,2.961674,2.978904,2.993927,3.008348,3.024526,3.040392
white,2.66843,2.702197,2.734735,2.760807,2.785298,2.810397,2.83136,2.85163,2.873034,2.893266,2.910819,2.929587,2.945942,2.961505,2.978796,2.99383,3.008482,3.024607,3.040464
white,2.668491,2.702163,2.734475,2.760504,2.784971,2.810271,2.831294,2.851468,2.872934,2.893113,2.910577,2.929403,2.945745,2.961241,2.978552,2.993536,3.008088,3.024276,3.040206
white,2.668125,2.701836,2.734565,2.760452,2.784987,2.810076,2.831172,2.851395,2.872908,2.893195,2.910676,2.929465,2.945781,2.961287,2.978366,2.993505,3.008038,3.024252,3.040093
white,2.668821,2.702465,2.734736,2.760713,2.78518,2.810309,2.83144,2.851735,2.873005,2.893253,2.910697,2.929532,2.945732,2.961328,2.978417,2.993595,3.008092,3.024234,3.040106
white,2.66818,2.701916,2.734382,2.760204,2.784627,2.809928,2.831052,2.851213,2.87271,2.892796,2.910445,2.92926,2.945485,2.961011,2.978267,2.993348,3.007978,3.024134,3.03999
white,2.668399,2.701887,2.734405,2.760308,2.784663,2.809894,2.830957,2.851292,2.872684,2.892789,2.910428,2.929335,2.945579,2.96107,2.978316,2.993374,3.007854,3.023978,3.039885
white,2.667988,2.701751,2.734335,2.760279,2.784626,2.809855,2.830836,2.851263,2.872735,2.892903,2.910505,2.929329,2.945658,2.961211,2.978486,2.993551,3.00811,3.02422,3.040169
white,2.66835,2.702066,2.734562,2.760723,2.785011,2.810159,2.830993,2.851392,2.872749,2.892946,2.910538,2.929321,2.945679,2.961154,2.978323,2.993551,3.008015,3.024136,3.039932
white,2.667887,2.701746,2.734304,2.760381,2.784669,2.809894,2.830937,2.85123,2.872642,2.89288,2.910452,2.929224,2.945443,2.961142,2.97838,2.993292,3.008037,3.02397,3.039837
white,2.667889,2.701649,2.734224,2.760221,2.784687,2.809906,2.830877,2.851168,2.872582,2.892802,2.91033,2.929134,2.94545,2.961003,2.978298,2.993374,3.007911,3.023958,3.039867
white,2.668029,2.701945,2.734366,2.7603,2.784676,2.809786,2.830774,2.851123,2.872494,2.892713,2.910285,2.929014,2.945353,2.960775,2.977936,2.993037,3.0077,3.023851,3.039717
white,2.668949,2.702346,2.734559,2.760674,2.784954,2.810136,2.831124,2.851421,2.872847,2.892943,2.91045,2.929346,2.945596,2.961319,2.978478,2.993393,3.007993,3.024017,3.039891
white,2.668323,2.702056,2.734406,2.760429,2.78454,2.809882,2.830661,2.850967,2.872427,2.892704,2.910151,2.929069,2.945417,2.96084,2.978057,2.99322,3.007826,3.023844,3.039732
white,2.667777,2.701572,2.734,2.759934,2.784284,2.809474,2.830395,2.850704,2.872258,2.892459,2.910014,2.928719,2.945152,2.960726,2.977977,2.992954,3.007604,3.023669,3.039668
white,2.668123,2.701923,2.73427,2.760232,2.784645,2.809855,2.831014,2.851237,2.872673,2.892741,2.910354,2.929085,2.945219,2.960737,2.977915,2.992994,3.007565,3.023756,3.039659
white,2.668091,2.701933,2.734236,2.760294,2.784648,2.80998,2.830916,2.851131,2.872547,2.892607,2.910191,2.929112,2.945452,2.960869,2.978059,2.993076,3.007685,3.023741,3.039526
white,2.66794,2.701556,2.734116,2.760134,2.784497,2.809702,2.830653,2.851106,2.872659,2.892721,2.910247,2.929029,2.945246,2.960977,2.97817,2.993156,3.007808,3.023882,3.039814
white,2.66815,2.701774,2.734193,2.760023,2.784458,2.809709,2.830792,2.851058,2.87243,2.892492,2.910196,2.928941,2.945374,2.960865,2.978085,2.993094,3.007632,3.023805,3.039655
white,2.66793,2.701634,2.733981,2.759873,2.784365,2.809437,2.830542,2.850895,2.872363,2.892615,2.910153,2.928975,2.945259,2.960758,2.977937,2.993109,3.007538,3.0236,3.039493
white,2.668068,2.701834,2.734195,2.760231,2.784839,2.809958,2.831068,2.851285,2.872688,2.892939,2.910497,2.929233,2.945577,2.961169,2.978302,2.993508,3.008145,3.024117,3.039986
white,2.668322,2.702091,2.734365,2.76036,2.784749,2.810059,2.831118,2.851341,2.872963,2.893116,2.910618,2.92949,2.945812,2.961364,2.978575,2.993682,3.008279,3.024507,3.04046
white,2.669101,2.702734,2.735177,2.761099,2.785511,2.810819,2.831718,2.852148,2.873661,2.893808,2.91125,2.930053,2.946246,2.961856,2.978973,2.993908,3.008505,3.024502,3.040371
white,2.668608,2.702354,2.734808,2.760754,2.78507,2.81021,2.831355,2.851562,2.87305,2.893174,2.910687,2.929589,2.945809,2.96135,2.978587,2.993648,3.008181,3.024229,3.040236
white,2.668866,2.702547,2.734802,2.760864,2.785244,2.810635,2.831683,2.852023,2.873515,2.893618,2.911314,2.929932,2.946199,2.961751,2.978968,2.993984,3.008616,3.024611,3.040514
white,2.668973,2.702781,2.735153,2.761201,2.785595,2.810697,2.831781,2.852008,2.873456,2.893674,2.91112,2.929893,2.946186,2.961717,2.978824,2.993848,3.008403,3.024542,3.040276
white,2.668942,2.702748,2.735136,2.761125,2.785351,2.810636,2.831691,2.852029,2.87342,2.893569,2.91109,2.92994,2.946129,2.961592,2.978577,2.993702,3.008185,3.024435,3.040309
white,2.669117,2.702576,2.73506,2.760936,2.78535,2.810581,2.831453,2.851816,2.873383,2.893379,2.911038,2.929776,2.945894,2.961518,2.978663,2.993812,3.008243,3.024276,3.040102
white,2.668537,2.702102,2.734445,2.760489,2.785084,2.810297,2.831402,2.85188,2.873182,2.893157,2.910812,2.92965,2.946024,2.961616,2.978725,2.993764,3.008255,3.02422,3.040087
white,2.668878,2.702566,2.734913,2.761038,2.785285,2.810612,2.831506,2.851886,2.873235,2.893527,2.911072,2.929832,2.946032,2.96155,2.978596,2.993694,3.008323,3.024444,3.040243
white,2.668565,2.702183,2.734668,2.760714,2.785239,2.810521,2.831558,2.851851,2.873363,2.893653,2.911273,2.930042,2.946297,2.961844,2.9791,2.994171,3.008662,3.024666,3.040562
white,2.66913,2.702798,2.735177,2.761176,2.785691,2.810948,2.831855,2.852162,2.873578,2.893791,2.911169,2.929846,2.94614,2.961647,2.978802,2.993846,3.008356,3.024395,3.040354
white,2.669208,2.702814,2.735248,2.761179,2.785503,2.810741,2.831669,2.851903,2.87342,2.893604,2.911,2.92986,2.946193,2.961781,2.978934,2.994091,3.008486,3.024512,3.040352
white,2.668264,2.702254,2.734713,2.760695,2.785134,2.810471,2.831471,2.851843,2.873303,2.893422,2.910943,2.929806,2.945939,2.961449,2.978642,2.993674,3.008239,3.024393,3.040207
white,2.668392,2.70191,2.734519,2.760427,2.784867,2.810137,2.831225,2.851477,2.872973,2.893163,2.91061,2.929505,2.945879,2.961398,2.978601,2.993705,3.008104,3.024346,3.040174
white,2.668713,2.702512,2.735049,2.760973,2.785191,2.810591,2.831579,2.851904,2.873305,2.893415,2.910798,2.929563,2.945744,2.961284,2.978439,2.993419,3.007977,3.024162,3.040105
white,2.668752,2.702433,2.734958,2.760808,2.785345,2.810516,2.831477,2.851799,2.873355,2.89345,2.911084,2.929854,2.946121,2.961713,2.978901,2.993862,3.008383,3.024463,3.040247
white,2.669315,2.702674,2.73512,2.761273,2.78541,2.81066,2.831852,2.852117,2.873521,2.893585,2.911115,2.929805,2.946021,2.961454,2.978687,2.993801,3.008386,3.024393,3.040262
yellow,1.919027,1.941316,1.96033,1.973998,1.986098,1.998056,2.007471,2.016285,2.025302,2.033562,2.04049,2.047686,2.053701,2.059337,2.065481,2.070661,2.075516,2.080742,2.085768
yellow,1.914172,1.937286,1.956745,1.970953,1.983413,1.995548,2.005135,2.014056,2.023291,2.031586,2.03866,2.045994,2.052147,2.057885,2.064138,2.069375,2.074288,2.079682,2.084786
yellow,1.906192,1.932732,1.954759,1.970482,1.984211,1.99756,2.007812,2.017346,2.027083,2.03584,2.043115,2.0507,2.056974,2.062832,2.069166,2.074474,2.079434,2.084833,2.089922
yellow,1.903018,1.929685,1.951888,1.967628,1.981414,1.994755,2.005145,2.014728,2.02458,2.033407,2.040761,2.048534,2.054912,2.060858,2.067332,2.072694,2.077651,2.083108,2.088236
yellow,1.904469,1.93113,1.953519,1.969455,1.983353,1.996819,2.007336,2.017123,2.02703,2.036072,2.04354,2.051334,2.05777,2.063782,2.070467,2.07604,2.08127,2.08694,2.092347
yellow,1.920435,1.944867,1.965704,1.980889,1.99445,2.007739,2.018339,2.028295,2.038549,2.047993,2.055982,2.064524,2.071614,2.078198,2.085491,2.091597,2.097399,2.103753,2.109903
yellow,1.913694,1.939146,1.960421,1.976242,1.990106,2.003685,2.014472,2.024738,2.035259,2.044864,2.053029,2.061629,2.068838,2.075564,2.083,2.089216,2.095189,2.101731,2.107996
yellow,1.912539,1.937707,1.959216,1.975015,1.988854,2.002413,2.013376,2.023541,2.034059,2.043684,2.051925,2.060569,2.067937,2.074741,2.082157,2.088386,2.094236,2.100742,2.106976
yellow,1.912621,1.937866,1.959203,1.974877,1.988622,2.002364,2.013225,2.02349,2.033912,2.043555,2.051823,2.060382,2.067624,2.074408,2.081779,2.088125,2.094031,2.10056,2.106724
yellow,1.911604,1.936828,1.958215,1.974002,1.987994,2.001501,2.012502,2.02281,2.033354,2.043,2.051214,2.059834,2.067058,2.073906,2.081359,2.087676,2.093616,2.10018,2.106448
yellow,1.912742,1.937966,1.959226,1.974808,1.988652,2.002093,2.012994,2.023141,2.033685,2.043208,2.051362,2.059963,2.067248,2.07404,2.081503,2.087792,2.093756,2.100297,2.106528
yellow,1.911562,1.936929,1.958405,1.974158,1.987986,2.001582,2.012461,2.022613,2.033126,2.042802,2.051029,2.059663,2.066907,2.073697,2.081163,2.087463,2.09343,2.099935,2.106154
yellow,1.911206,1.936506,1.95794,1.973827,1.987616,2.001288,2.012188,2.022359,2.032899,2.042549,2.050705,2.059423,2.066616,2.0735,2.080901,2.087135,2.093078,2.099653,2.105843
yellow,1.911387,1.936549,1.958108,1.973837,1.987709,2.001401,2.012312,2.022504,2.033037,2.042679,2.050879,2.059471,2.066776,2.073539,2.081017,2.087279,2.093164,2.099748,2.105989
yellow,1.911737,1.9368,1.958241,1.973949,1.98786,2.001435,2.012312,2.022594,2.033161,2.042783,2.050967,2.059591,2.066822,2.073638,2.081065,2.087474,2.093344,2.099795,2.106045
yellow,1.911728,1.93681,1.958151,1.973926,1.987919,2.001571,2.012433,2.022685,2.033203,2.042882,2.051002,2.059597,2.066903,2.073688,2.081059,2.087352,2.093326,2.099922,2.106169
yellow,1.91202,1.937096,1.9583,1.974105,1.987976,2.001619,2.012583,2.022713,2.033304,2.042904,2.050996,2.05959,2.066808,2.073556,2.080923,2.087286,2.093254,2.099799,2.10597
yellow,1.913061,1.937896,1.959013,1.974501,1.98827,2.001905,2.012847,2.023028,2.033489,2.043069,2.051232,2.059779,2.067037,2.073884,2.081296,2.087605,2.093634,2.100088,2.10628
yellow,1.912012,1.93705,1.958383,1.974054,1.987915,2.001592,2.0125,2.022649,2.033222,2.042892,2.051004,2.05959,2.066851,2.073642,2.081109,2.087414,2.093406,2.099948,2.106155
yellow,1.911977,1.937051,1.958253,1.973991,1.987825,2.001436,2.012402,2.022525,2.033086,2.042759,2.050924,2.059571,2.066824,2.073706,2.081061,2.087393,2.093358,2.09989,2.106124
yellow,1.912057,1.936994,1.95845,1.974067,1.987937,2.001572,2.012484,2.022699,2.03318,2.042831,2.050978,2.059704,2.066958,2.073801,2.081287,2.087543,2.093605,2.10012,2.106304
yellow,1.912332,1.937386,1.958528,1.974103,1.987996,2.001687,2.01262,2.022776,2.033295,2.042837,2.050993,2.059619,2.067007,2.073832,2.081316,2.087619,2.093566,2.099994,2.106245
yellow,1.913427,1.938121,1.959246,1.97462,1.988414,2.002015,2.012897,2.023021,2.033452,2.043017,2.051263,2.059818,2.067026,2.073797,2.081279,2.08748,2.09355,2.10021,2.106425
yellow,1.913393,1.938144,1.9594,1.974904,1.988659,2.002264,2.013205,2.023414,2.03393,2.043454,2.051544,2.060053,2.067281,2.074092,2.0815,2.087797,2.093812,2.1003,2.1065
yellow,1.912319,1.937183,1.95846,1.974119,1.987885,2.001412,2.012332,2.022545,2.033092,2.042786,2.050932,2.059517,2.066814,2.073693,2.081141,2.087464,2.093378,2.099825,2.10603
yellow,1.912381,1.937129,1.958406,1.974061,1.987846,2.001468,2.012429,2.022656,2.033129,2.042712,2.050896,2.059498,2.066707,2.073496,2.080901,2.087307,2.093347,2.099955,2.106067
yellow,1.911992,1.937011,1.957979,1.973646,1.987378,2.000986,2.011833,2.02195,2.032557,2.042053,2.050273,2.059012,2.066357,2.073168,2.080553,2.086897,2.092946,2.099473,2.105734
yellow,1.911843,1.93671,1.957903,1.973722,1.987612,2.001284,2.012217,2.022422,2.03282,2.042398,2.050577,2.059261,2.066597,2.073455,2.08084,2.087156,2.093074,2.099542,2.105892
yellow,1.911885,1.936903,1.958191,1.973725,1.987586,2.0015,2.012184,2.022415,2.032928,2.042536,2.050673,2.059255,2.066518,2.073393,2.080848,2.087121,2.093029,2.09955,2.105946
yellow,1.911825,1.936834,1.957983,1.973672,1.987588,2.001266,2.012101,2.022259,2.032799,2.042478,2.050729,2.059431,2.066696,2.073568,2.081079,2.087442,2.093404,2.099876,2.106162
yellow,1.912157,1.937009,1.958311,1.973946,1.987665,2.001298,2.012218,2.022485,2.033067,2.042703,2.050903,2.05959,2.066936,2.07372,2.081178,2.087423,2.093434,2.099942,2.1062
yellow,1.912453,1.937286,1.958486,1.97407,1.98794,2.001597,2.012391,2.022668,2.033282,2.042905,2.051066,2.059631,2.066885,2.073706,2.081166,2.087369,2.09332,2.099808,2.106066
yellow,1.913468,1.938076,1.959033,1.974665,1.98854,2.00207,2.012843,2.02296,2.03337,2.042919,2.0511,2.059727,2.067019,2.073874,2.081287,2.090278,2.094924,2.102831,2.108092
yellow,1.914364,1.939136,1.960209,1.975782,1.989468,2.003105,2.013929,2.024069,2.034646,2.04432,2.052611,2.061278,2.06863,2.075525,2.082978,2.089326,2.095312,2.101949,2.108188
yellow,1.91266,1.937526,1.958835,1.974503,1.988394,2.002043,2.01303,2.023291,2.033882,2.043572,2.051745,2.060457,2.067809,2.074655,2.082139,2.08849,2.094481,2.101056,2.107363
yellow,1.912109,1.937138,1.958395,1.974089,1.988131,2.001848,2.012868,2.02316,2.033758,2.043396,2.051614,2.060288,2.067653,2.074563,2.082058,2.088418,2.094433,2.101055,2.107342
yellow,1.911988,1.93697,1.958353,1.974074,1.988118,2.001823,2.012696,2.022981,2.033551,2.043735,2.051991,2.06065,2.067986,2.074898,2.082443,2.088878,2.094933,2.10157,2.107886
yellow,1.912398,1.937135,1.958489,1.97436,1.988287,2.00195,2.012962,2.02323,2.033809,2.043541,2.051802,2.060524,2.068005,2.074941,2.082364,2.088547,2.095993,2.10302,2.109382
yellow,1.913534,1.938393,1.959619,1.975244,1.989233,2.002839,2.013993,2.024328,2.034953,2.044712,2.052997,2.061819,2.069163,2.076114,2.083639,2.090092,2.096212,2.102869,2.10923
yellow,1.912707,1.937549,1.958942,1.974705,1.988737,2.002551,2.01352,2.023868,2.034519,2.044347,2.052625,2.061409,2.068903,2.075928,2.083531,2.089881,2.09602,2.102711,2.109169
yellow,1.912554,1.937598,1.959172,1.974912,1.988815,2.0026,2.013667,2.024018,2.034709,2.044518,2.052912,2.061663,2.069068,2.075999,2.083543,2.089962,2.096139,2.102814,2.109159
yellow,1.913957,1.93861,1.959852,1.975538,1.989442,2.003193,2.014241,2.024527,2.035155,2.044892,2.053215,2.061983,2.069362,2.076262,2.083771,2.090171,2.096146,2.102823,2.109235
yellow,1.912894,1.937983,1.95947,1.975175,1.989194,2.002991,2.014016,2.024341,2.035073,2.044808,2.053124,2.061881,2.069267,2.076173,2.083752,2.090246,2.096392,2.103045,2.109416
yellow,1.913008,1.938068,1.959483,1.975219,1.989083,2.002862,2.013902,2.024194,2.03493,2.044733,2.052995,2.061827,2.069181,2.076222,2.083773,2.090138,2.09611,2.102742,2.109078
yellow,1.914086,1.938746,1.960025,1.9757,1.989522,2.00315,2.014139,2.024595,2.035272,2.045006,2.053226,2.061919,2.06928,2.076187,2.083898,2.090306,2.096521,2.103188,2.109656
yellow,1.913039,1.938134,1.959557,1.975232,1.98918,2.002927,2.013836,2.024187,2.034896,2.044682,2.053008,2.061808,2.069232,2.07626,2.0838,2.090254,2.096234,2.102862,2.109248
yellow,1.914267,1.939001,1.960193,1.97581,1.989676,2.003359,2.01422,2.024695,2.03542,2.045232,2.05338,2.062142,2.06957,2.076505,2.084056,2.090462,2.096554,2.103229,2.109587
yellow,1.913363,1.938151,1.959555,1.975377,1.989245,2.002924,2.01395,2.024385,2.035038,2.044757,2.053028,2.06177,2.069152,2.076124,2.083621,2.090095,2.096173,2.102817,2.109029
yellow,1.913903,1.938768,1.960023,1.975727,1.989734,2.003492,2.014318,2.024594,2.035223,2.044927,2.053215,2.061929,2.069321,2.076199,2.083829,2.090238,2.096388,2.103055,2.109398
yellow,1.913433,1.938117,1.959542,1.975324,1.989124,2.002873,2.013869,2.024138,2.034889,2.044647,2.052914,2.061646,2.069015,2.07585,2.083437,2.089914,2.095986,2.102593,2.108917
yellow,1.913089,1.938102,1.959304,1.975094,1.989025,2.002794,2.013806,2.024218,2.034848,2.044509,2.05281,2.061582,2.069041,2.075922,2.083591,2.090063,2.096159,2.102815,2.109156
yellow,1.913174,1.938164,1.959417,1.975193,1.98911,2.002845,2.013881,2.024188,2.034872,2.044607,2.052964,2.061712,2.069052,2.076015,2.083554,2.089944,2.096005,2.102676,2.109088
yellow,1.914207,1.938941,1.960103,1.975721,1.989436,2.003157,2.014127,2.024411,2.035112,2.044778,2.05303,2.061841,2.069183,2.076168,2.083741,2.090113,2.096251,2.102955,2.109287
yellow,1.914211,1.938899,1.960152,1.975733,1.989575,2.003374,2.014226,2.024544,2.035193,2.044959,2.053157,2.062002,2.069419,2.076367,2.083923,2.090299,2.09638,2.102984,2.109365
yellow,1.913176,1.93803,1.959399,1.975061,1.98901,2.002784,2.013817,2.0242,2.034838,2.044602,2.052907,2.061649,2.069098,2.076013,2.083573,2.089944,2.095983,2.10269,2.109116
blue,2.630914,2.666071,2.70048,2.727752,2.753691,2.78069,2.803315,2.825389,2.848747,2.870783,2.889767,2.910393,2.928929,2.945765,2.964593,2.980976,2.996137,3.012833,3.030004
blue,2.627161,2.662677,2.696939,2.72458,2.750681,2.77797,2.801026,2.824873,2.848645,2.871036,2.890344,2.911361,2.929397,2.946618,2.965396,2.981455,2.996973,3.013871,3.030063
blue,2.627681,2.662868,2.697216,2.724959,2.751071,2.778173,2.801109,2.823574,2.847054,2.869366,2.88857,2.909272,2.926961,2.944087,2.962822,2.978445,2.992523,3.008689,3.024236
blue,2.627074,2.662269,2.696154,2.723257,2.749099,2.776051,2.79882,2.820678,2.84397,2.865943,2.885063,2.905581,2.923028,2.939591,2.95791,2.973906,2.988975,3.005616,3.021622
blue,2.625969,2.661155,2.695072,2.722289,2.748024,2.774636,2.797185,2.819029,2.842602,2.864341,2.883724,2.904334,2.922309,2.939365,2.957771,2.973639,2.988716,3.006592,3.023511
blue,2.626422,2.661385,2.695302,2.722783,2.748615,2.775776,2.798455,2.820436,2.843787,2.865976,2.88507,2.906136,2.923598,2.940451,2.958851,2.974629,2.98976,3.006249,3.022271
blue,2.626518,2.661522,2.695586,2.723001,2.748854,2.775789,2.798414,2.820151,2.843337,2.865199,2.884416,2.904841,2.922579,2.939254,2.957764,2.973537,2.988843,3.005563,3.021675
blue,2.62688,2.661852,2.695776,2.722815,2.748398,2.775235,2.797652,2.819377,2.842524,2.864278,2.883336,2.903915,2.921493,2.938254,2.957207,2.976448,2.991154,3.007414,3.023077
blue,2.626055,2.661234,2.694969,2.721983,2.747604,2.774539,2.797009,2.818869,2.84192,2.8639,2.882966,2.903362,2.920937,2.937618,2.955895,2.971603,2.986656,3.003352,3.019922
blue,2.626029,2.661012,2.694659,2.721834,2.747456,2.774331,2.796671,2.818521,2.841364,2.863369,2.882315,2.90245,2.920089,2.936643,2.954991,2.970716,2.985799,3.002368,3.018228
blue,2.62566,2.660422,2.69444,2.721616,2.74743,2.774218,2.79658,2.818371,2.84147,2.863222,2.882033,2.902192,2.919851,2.936924,2.955236,2.970971,2.98594,3.002724,3.0187
blue,2.62647,2.66134,2.694968,2.72197,2.747285,2.774256,2.796762,2.818437,2.841527,2.86324,2.882184,2.902228,2.919631,2.936322,2.95455,2.970226,2.985475,3.001771,3.02018
blue,2.625946,2.660774,2.694391,2.721752,2.747502,2.774374,2.796786,2.818501,2.841659,2.863421,2.882393,2.902578,2.9202,2.936782,2.955083,2.97091,2.986127,3.002781,3.018809
blue,2.626523,2.661332,2.695018,2.722504,2.748152,2.774943,2.797288,2.81895,2.842144,2.86396,2.882899,2.90318,2.920695,2.937456,2.955943,2.971763,2.986859,3.003425,3.01955
blue,2.626719,2.661475,2.695098,2.722093,2.747585,2.774064,2.796367,2.818148,2.841163,2.862845,2.881756,2.90203,2.919477,2.936007,2.954519,2.970185,2.98539,3.002008,3.017962
blue,2.62631,2.661116,2.694758,2.721747,2.747165,2.773863,2.796285,2.817941,2.840934,2.862754,2.881652,2.90243,2.920032,2.93682,2.955116,2.970811,2.986111,3.003569,3.019745
blue,2.62621,2.661169,2.695049,2.721999,2.747744,2.774517,2.796972,2.818449,2.841611,2.863502,2.88259,2.902774,2.920308,2.937123,2.955514,2.971325,2.986528,3.00345,3.019729
blue,2.626577,2.661599,2.695443,2.722481,2.748057,2.774727,2.797024,2.818826,2.841894,2.863747,2.882684,2.903096,2.920746,2.937433,2.955719,2.971529,2.986494,3.00494,3.021714
blue,2.627044,2.661651,2.69537,2.722753,2.748229,2.774839,2.797441,2.819192,2.842521,2.864276,2.883801,2.904065,2.921696,2.938462,2.9568,2.973018,2.98817,3.00475,3.020814
blue,2.626229,2.661083,2.695007,2.721984,2.747668,2.774439,2.796642,2.818383,2.841267,2.863042,2.881929,2.901941,2.919301,2.935925,2.954188,2.970032,2.984963,3.00151,3.017265
blue,2.626614,2.661552,2.695203,2.721982,2.74738,2.774027,2.796265,2.81781,2.840885,2.862646,2.881401,2.90156,2.919,2.935808,2.953952,2.969704,2.984764,3.00117,3.016953
blue,2.626788,2.66133,2.694769,2.721791,2.747252,2.77392,2.795978,2.817525,2.840549,2.862026,2.880771,2.901127,2.918716,2.93521,2.953316,2.968815,2.983722,3.00001,3.015801
blue,2.626553,2.6612,2.694814,2.721765,2.747124,2.773796,2.795971,2.817686,2.840652,2.862381,2.881094,2.901278,2.918569,2.934994,2.95308,2.968614,2.983832,3.00042,3.016459
blue,2.626567,2.661114,2.694628,2.721622,2.747252,2.773784,2.796105,2.817546,2.840929,2.86259,2.881347,2.901443,2.918691,2.935378,2.953421,2.969063,2.984166,3.00108,3.017041
blue,2.626539,2.661233,2.694668,2.72168,2.747305,2.773863,2.796187,2.817824,2.840839,2.862465,2.881397,2.901551,2.918762,2.936477,2.955587,2.971118,2.986058,3.002693,3.018503
blue,2.626642,2.661426,2.694721,2.721735,2.747329,2.773738,2.796003,2.817478,2.840338,2.861789,2.880408,2.900523,2.917866,2.934299,2.95257,2.968099,2.983068,2.999296,3.015009
blue,2.62611,2.660694,2.693966,2.721222,2.746541,2.773308,2.795466,2.817053,2.839872,2.861508,2.880269,2.900559,2.918025,2.934285,2.952387,2.967861,2.982609,3.001116,3.019924
blue,2.626307,2.660967,2.694237,2.721128,2.746703,2.773355,2.795608,2.817183,2.840063,2.861751,2.880449,2.900563,2.917744,2.934124,2.952087,2.967778,2.982521,2.998853,3.014737
blue,2.626037,2.660731,2.694177,2.721035,2.746689,2.773257,2.795417,2.816958,2.839894,2.861401,2.88012,2.900332,2.917728,2.934078,2.952097,2.967455,2.982121,2.998297,3.014115
blue,2.62563,2.660226,2.693456,2.720565,2.745898,2.772547,2.794668,2.81624,2.839037,2.860525,2.879399,2.899626,2.917046,2.933652,2.951848,2.968617,2.98446,3.000946,3.020766
blue,2.626307,2.661118,2.694545,2.721477,2.746957,2.773274,2.795531,2.817069,2.840125,2.861574,2.880034,2.900186,2.917682,2.933744,2.95179,2.967518,2.984536,3.000274,3.016052
blue,2.626328,2.660794,2.694201,2.721056,2.746563,2.773084,2.795353,2.816756,2.839739,2.861316,2.879931,2.899829,2.917048,2.93348,2.951641,2.96709,2.981724,2.997834,3.014504
blue,2.626475,2.660994,2.694315,2.721125,2.746387,2.772887,2.794922,2.816502,2.839354,2.860713,2.879239,2.899337,2.916528,2.932916,2.950763,2.966054,2.980785,2.997649,3.013576
blue,2.625805,2.660527,2.693745,2.720639,2.745939,2.772475,2.794656,2.815894,2.838685,2.860357,2.879074,2.899049,2.916343,2.932508,2.950449,2.965777,2.980446,2.996907,3.013665
blue,2.625994,2.660345,2.693565,2.720712,2.745729,2.772284,2.794463,2.815669,2.83837,2.859962,2.878607,2.898448,2.91563,2.931958,2.949811,2.965205,2.981185,2.997537,3.013371
blue,2.626353,2.661251,2.694452,2.721231,2.746561,2.772818,2.794935,2.816345,2.839084,2.860641,2.879318,2.899151,2.916278,2.932595,2.950849,2.966296,2.980888,2.997091,3.013383
blue,2.626281,2.66084,2.694148,2.72099,2.74625,2.77271,2.794708,2.816304,2.838893,2.860409,2.879084,2.898977,2.916162,2.932391,2.950269,2.965785,2.980462,2.997561,3.013243
blue,2.62644,2.660856,2.694272,2.721114,2.746385,2.772815,2.794847,2.816304,2.838971,2.860377,2.878878,2.898783,2.91597,2.932186,2.949952,2.965272,2.980183,2.996575,3.012246
blue,2.625911,2.660402,2.693505,2.720246,2.745766,2.772224,2.794171,2.815477,2.83805,2.859488,2.878044,2.897988,2.915036,2.931367,2.94925,2.964823,2.979469,2.995327,3.010911
blue,2.625188,2.65983,2.693233,2.719929,2.745276,2.771581,2.793424,2.814973,2.837592,2.858974,2.877385,2.897267,2.914421,2.930648,2.948481,2.963865,2.978437,2.994641,3.010395
blue,2.625303,2.659765,2.692971,2.719589,2.744896,2.770955,2.792959,2.814176,2.836859,2.858159,2.876817,2.896759,2.914021,2.930413,2.949332,2.964787,2.979652,2.99612,3.011892
blue,2.625937,2.66047,2.693442,2.720246,2.745514,2.771967,2.793951,2.815126,2.837643,2.858898,2.877431,2.897266,2.914285,2.930579,2.948283,2.963423,2.977909,2.994074,3.009883
blue,2.626285,2.660485,2.693612,2.720266,2.745415,2.771534,2.793391,2.814612,2.837353,2.85864,2.879059,2.898161,2.915512,2.931726,2.949807,2.965203,2.981662,2.997812,3.013455
blue,2.625693,2.660072,2.69351,2.720181,2.745426,2.771687,2.793847,2.815082,2.837907,2.859206,2.877706,2.897526,2.914437,2.930521,2.948626,2.963954,2.978647,2.99485,3.011125
blue,2.626212,2.660921,2.694242,2.721297,2.746705,2.773043,2.795043,2.816518,2.839176,2.860422,2.879189,2.898959,2.916128,2.932227,2.949999,2.965286,2.979938,2.996247,3.011978
blue,2.6264,2.660472,2.693797,2.72075,2.745933,2.772261,2.794249,2.815512,2.838257,2.859489,2.878059,2.897681,2.914784,2.930681,2.948662,2.964223,2.978944,2.995389,3.01098
blue,2.625964,2.660227,2.693499,2.720054,2.745205,2.771442,2.793369,2.81456,2.837305,2.858556,2.877106,2.896941,2.914016,2.930169,2.947941,2.963304,2.977947,2.994315,3.011674
blue,2.625533,2.660317,2.693484,2.720215,2.745564,2.771957,2.793725,2.815121,2.837723,2.859042,2.877391,2.897233,2.91437,2.936424,2.953418,2.968882,2.983516,2.99961,3.015388
blue,2.627006,2.661416,2.694943,2.721912,2.747263,2.773898,2.795874,2.817419,2.840173,2.861703,2.880245,2.900318,2.91726,2.93358,2.951397,2.966902,2.984412,2.999992,3.015473
blue,2.625844,2.660596,2.694297,2.721291,2.746722,2.77316,2.795114,2.816644,2.839547,2.861003,2.879449,2.899462,2.916551,2.933379,2.951036,2.966356,2.981078,2.997233,3.014202
red,1.861411,1.888138,1.912315,1.930654,1.947315,1.96421,1.977987,1.990953,2.004642,2.017352,2.028205,2.039784,2.049729,2.059048,2.069405,2.078249,2.086653,2.095897,2.104931
red,1.856516,1.883987,1.908495,1.927111,1.944145,1.961249,1.975077,1.988229,2.002014,2.014867,2.025935,2.037666,2.047609,2.057037,2.06739,2.076224,2.084749,2.094209,2.103176
red,1.856001,1.883428,1.907896,1.926545,1.943462,1.960573,1.974546,1.98779,2.001571,2.014274,2.025208,2.036838,2.046851,2.056181,2.066538,2.075486,2.083924,2.093243,2.102286
red,1.854421,1.881893,1.906476,1.92532,1.942271,1.959279,1.973156,1.98632,2.000144,2.012999,2.024035,2.035715,2.045866,2.055356,2.06578,2.074741,2.083306,2.092609,2.101691
red,1.855275,1.882605,1.906945,1.925638,1.942413,1.959591,1.973556,1.986883,2.000749,2.013572,2.024551,2.03636,2.046346,2.055763,2.066292,2.075281,2.083961,2.093379,2.102471
red,1.856186,1.883237,1.907794,1.926324,1.943274,1.9603,1.974043,1.987337,2.001023,2.013935,2.024951,2.036601,2.046546,2.056003,2.066299,2.075135,2.083631,2.092995,2.102026
red,1.854359,1.881684,1.906217,1.924947,1.941798,1.959014,1.97287,1.986059,1.999921,2.012751,2.023809,2.035467,2.045385,2.054846,2.065342,2.07427,2.082863,2.092221,2.101196
red,1.85388,1.88141,1.905909,1.924744,1.941701,1.958691,1.972548,1.985824,1.999573,2.012343,2.023369,2.035063,2.045129,2.054472,2.064994,2.073945,2.082513,2.091846,2.100955
red,1.854769,1.881934,1.906376,1.925012,1.941946,1.959,1.972828,1.985984,1.999756,2.012557,2.023554,2.035232,2.045244,2.054702,2.065178,2.074186,2.082774,2.092152,2.101165
red,1.855216,1.882521,1.906836,1.925377,1.942072,1.959092,1.972954,1.986152,1.999963,2.012722,2.023745,2.035465,2.045488,2.054929,2.065344,2.074281,2.082764,2.092117,2.101205
red,1.855076,1.882185,1.906797,1.925298,1.942197,1.95912,1.972992,1.986252,2.000134,2.012773,2.023851,2.035644,2.045599,2.05515,2.065606,2.074555,2.083066,2.092434,2.101412
red,1.855164,1.882524,1.906871,1.925611,1.942463,1.959551,1.973429,1.98662,2.000396,2.01312,2.024108,2.035849,2.045923,2.055408,2.065723,2.074683,2.083161,2.092563,2.101533
red,1.855621,1.882855,1.907266,1.925893,1.942742,1.959852,1.973718,1.986885,2.000691,2.013378,2.02436,2.03596,2.045961,2.055497,2.065894,2.074904,2.083399,2.09282,2.101903
red,1.855409,1.882656,1.906946,1.925669,1.942369,1.959573,1.973461,1.986685,2.000462,2.013153,2.024199,2.035958,2.045938,2.055378,2.065715,2.074638,2.083107,2.092502,2.101509
red,1.855272,1.882455,1.906875,1.925423,1.942218,1.959169,1.973142,1.986326,2.000117,2.013049,2.023996,2.035789,2.045853,2.055302,2.065697,2.074597,2.083215,2.092588,2.101688
red,1.854378,1.881968,1.906294,1.924993,1.941917,1.95904,1.972979,1.986206,2.000001,2.012816,2.023796,2.035467,2.045538,2.054915,2.065332,2.074297,2.082883,2.092295,2.101366
red,1.854093,1.881473,1.906008,1.924588,1.941502,1.958586,1.972536,1.985819,1.99959,2.012348,2.023427,2.035133,2.045083,2.054463,2.064817,2.073692,2.082084,2.091546,2.100642
red,1.854913,1.881872,1.9063,1.924984,1.941786,1.958833,1.972712,1.98588,1.999738,2.012486,2.023525,2.035243,2.045279,2.054752,2.065197,2.073994,2.082392,2.091806,2.101029
red,1.854267,1.881528,1.905962,1.924568,1.941679,1.958842,1.972805,1.98611,1.999951,2.012808,2.023863,2.035398,2.045477,2.05512,2.065464,2.074427,2.083017,2.092447,2.101567
red,1.854716,1.881968,1.906512,1.925177,1.942171,1.959245,1.973173,1.986241,2.000036,2.012765,2.02367,2.035387,2.045404,2.054784,2.065133,2.074187,2.082801,2.092157,2.101195
red,1.855069,1.88231,1.906617,1.925255,1.942147,1.959302,1.973111,1.98622,2.000085,2.012991,2.024146,2.035923,2.045899,2.05534,2.065725,2.074744,2.08336,2.092753,2.101739
red,1.854793,1.882275,1.906716,1.925422,1.942502,1.959584,1.973537,1.986882,2.00065,2.013437,2.024416,2.036133,2.046071,2.055449,2.06572,2.074643,2.083064,2.09241,2.101398
red,1.854794,1.882135,1.906581,1.925362,1.942277,1.959369,1.973202,1.986353,2.000077,2.012826,2.023921,2.035629,2.045657,2.055216,2.0655,2.074414,2.082863,2.092341,2.101389
red,1.854523,1.881918,1.906393,1.924888,1.941936,1.958935,1.972779,1.985977,1.999732,2.012543,2.023586,2.035344,2.045349,2.054973,2.065334,2.074258,2.082759,2.092157,2.101106
red,1.855051,1.882332,1.906826,1.925435,1.942379,1.959355,1.97318,1.986387,2.00014,2.012932,2.023885,2.035652,2.045629,2.055106,2.065448,2.074367,2.083009,2.092393,2.101568
red,1.854721,1.882077,1.90659,1.925238,1.942145,1.959334,1.973078,1.98634,2.000233,2.013088,2.024137,2.035906,2.045846,2.055329,2.065642,2.074552,2.082995,2.092418,2.101553
red,1.854684,1.882079,1.9065,1.925032,1.941975,1.959026,1.972824,1.986081,1.999861,2.012726,2.023708,2.035403,2.045479,2.055075,2.065501,2.074436,2.082941,2.092348,2.101321
red,1.855543,1.882642,1.90718,1.925812,1.942624,1.959757,1.973468,1.98661,2.00035,2.013148,2.024129,2.035854,2.045913,2.05538,2.065793,2.074843,2.083403,2.092843,2.101937
red,1.855224,1.882464,1.90704,1.925597,1.9424,1.959409,1.97324,1.986447,2.000168,2.012966,2.024005,2.035703,2.045748,2.055181,2.065474,2.074352,2.082866,2.092147,2.10117
red,1.855446,1.882632,1.907058,1.92561,1.942453,1.959555,1.973309,1.986484,2.000273,2.012947,2.024002,2.035742,2.045884,2.055418,2.065728,2.074603,2.083202,2.092569,2.101549
red,1.85461,1.881865,1.906418,1.925165,1.942068,1.959277,1.9731,1.986364,2.00017,2.012923,2.023985,2.035643,2.045581,2.055042,2.065466,2.074506,2.083066,2.092448,2.101457
red,1.855558,1.88267,1.907082,1.925803,1.942694,1.959737,1.973579,1.986782,2.000532,2.013353,2.024335,2.036015,2.045895,2.055413,2.065917,2.07485,2.083451,2.092946,2.10206
red,1.856176,1.88335,1.907676,1.926227,1.943065,1.959897,1.973842,1.987032,2.000835,2.013519,2.024486,2.036044,2.046021,2.055366,2.065594,2.074498,2.083011,2.092309,2.101286
red,1.855469,1.88261,1.907147,1.925783,1.942571,1.959625,1.973458,1.986619,2.000378,2.013055,2.024075,2.035777,2.04563,2.055116,2.065502,2.074343,2.082868,2.092233,2.101286
red,1.854599,1.881946,1.906206,1.924974,1.941994,1.959171,1.973113,1.986374,2.000133,2.012904,2.024001,2.035795,2.045746,2.055189,2.065508,2.074373,2.082811,2.09221,2.101237
red,1.85491,1.882097,1.906551,1.925195,1.942226,1.959135,1.973042,1.986302,2.000054,2.012693,2.023685,2.035369,2.045327,2.05492,2.065305,2.074218,2.082764,2.092113,2.101216
red,1.855521,1.882662,1.907065,1.925731,1.9425,1.959435,1.97328,1.986518,2.000181,2.012995,2.023966,2.03558,2.045524,2.05497,2.065374,2.074298,2.082893,2.092316,2.101524
red,1.855059,1.882186,1.906811,1.925556,1.94241,1.959341,1.973338,1.986465,2.00029,2.013084,2.024083,2.035598,2.045568,2.055035,2.065468,2.074355,2.082891,2.092263,2.101291
red,1.854896,1.882107,1.906661,1.925234,1.942138,1.959179,1.97305,1.986342,2.000027,2.012782,2.023747,2.035586,2.045671,2.055148,2.065537,2.074554,2.08307,2.092383,2.101339
red,1.854864,1.882309,1.906639,1.925022,1.942053,1.959062,1.972865,1.985928,1.999642,2.012459,2.023591,2.035285,2.045353,2.054943,2.065438,2.074336,2.082934,2.09236,2.101471
red,1.854933,1.882429,1.906935,1.925513,1.94243,1.959392,1.973233,1.986362,2.000134,2.012958,2.023934,2.035642,2.045586,2.054984,2.065228,2.074187,2.08271,2.091978,2.101116
red,1.855642,1.882723,1.907096,1.925664,1.94251,1.959386,1.973156,1.986305,2.000166,2.012962,2.023969,2.035678,2.045636,2.0551,2.065405,2.074244,2.082655,2.092022,2.101047
red,1.855697,1.882604,1.907125,1.925582,1.942273,1.959288,1.973103,1.986278,2.000072,2.012804,2.023856,2.035602,2.045682,2.055157,2.065579,2.074368,2.08301,2.092334,2.10132
red,1.8545,1.88191,1.906421,1.924955,1.941956,1.959019,1.972803,1.986112,1.999804,2.012562,2.023655,2.03535,2.045396,2.054811,2.065217,2.07407,2.082616,2.091906,2.100937
red,1.855055,1.882331,1.906626,1.925149,1.942055,1.959065,1.973011,1.986239,1.999904,2.012728,2.023658,2.035373,2.045355,2.054901,2.065256,2.074171,2.082612,2.092014,2.100972
red,1.854449,1.881576,1.906019,1.924849,1.941835,1.958837,1.972721,1.986078,1.99995,2.012647,2.02369,2.035392,2.045345,2.054831,2.065173,2.074034,2.082563,2.091951,2.101066
red,1.85552,1.882632,1.906925,1.925532,1.942351,1.959411,1.973335,1.986534,2.000232,2.013149,2.024165,2.035872,2.045817,2.05528,2.065667,2.0746,2.082943,2.092254,2.101308
red,1.854899,1.882205,1.906781,1.925518,1.942403,1.959311,1.97309,1.986339,2.000105,2.01291,2.023967,2.035592,2.045593,2.055098,2.065408,2.074359,2.082812,2.09205,2.101065
red,1.855366,1.882464,1.906741,1.925288,1.942253,1.959184,1.97304,1.986279,1.999978,2.012808,2.023782,2.035414,2.045339,2.054879,2.065282,2.074229,2.082777,2.092127,2.101047
red,1.855155,1.882338,1.906827,1.925312,1.942222,1.959268,1.973145,1.986266,2.000054,2.012811,2.023756,2.035409,2.045341,2.0548,2.065125,2.074009,2.082559,2.092001,2.101049
green,2.413284,2.468524,2.523283,2.56657,2.60774,2.649862,2.684684,2.717979,2.752901,2.784821,2.811913,2.840575,2.864548,2.887268,2.911727,2.93238,2.951488,2.972529,2.992411
green,2.413284,2.468524,2.523283,2.56657,2.60774,2.649862,2.684684,2.717979,2.752901,2.784821,2.811913,2.840575,2.864548,2.887268,2.911727,2.93238,2.951488,2.972529,2.992411
green,2.405926,2.460938,2.514792,2.558383,2.599258,2.641578,2.676517,2.709529,2.744239,2.776631,2.803953,2.832946,2.857184,2.880064,2.904752,2.925666,2.945261,2.966707,2.986871
green,2.404691,2.458886,2.512856,2.556173,2.596809,2.638844,2.673712,2.707268,2.741971,2.774018,2.801879,2.830591,2.855146,2.877928,2.902641,2.923603,2.943237,2.964645,2.984762
green,2.403855,2.458241,2.511425,2.555068,2.595737,2.63787,2.672581,2.705639,2.7406,2.772707,2.800417,2.829284,2.853996,2.877008,2.901635,2.922491,2.94226,2.963644,2.984013
green,2.405139,2.45909,2.512509,2.555733,2.596214,2.638283,2.672817,2.705894,2.740851,2.772817,2.800007,2.829086,2.853613,2.876355,2.900771,2.921736,2.941476,2.962747,2.983133
green,2.403536,2.457314,2.510757,2.554071,2.594762,2.636612,2.671315,2.704564,2.739401,2.771359,2.798627,2.827559,2.852055,2.874777,2.899704,2.920624,2.940197,2.961669,2.981967
green,2.402271,2.456613,2.50982,2.553072,2.593769,2.635738,2.670225,2.703302,2.738019,2.770167,2.797694,2.826782,2.851258,2.874123,2.89883,2.919919,2.93984,2.961615,2.982195
green,2.402592,2.457071,2.510825,2.553937,2.594517,2.636604,2.671422,2.704452,2.739347,2.77144,2.798727,2.827781,2.852417,2.87544,2.900411,2.921353,2.940818,2.962395,2.982708
green,2.403034,2.457201,2.510376,2.553669,2.594196,2.636091,2.670839,2.703969,2.73874,2.770891,2.798381,2.827331,2.851768,2.87464,2.899312,2.920405,2.940388,2.961996,2.982237
green,2.404292,2.458125,2.511221,2.554391,2.594828,2.636595,2.671162,2.704392,2.739306,2.771565,2.798991,2.828292,2.852893,2.8757,2.900483,2.921367,2.941217,2.962676,2.98296
green,2.403948,2.458023,2.511103,2.554405,2.595146,2.636785,2.671573,2.704841,2.739572,2.771657,2.799129,2.828182,2.852801,2.875576,2.900388,2.921378,2.941222,2.962608,2.98298
green,2.402985,2.457408,2.510363,2.553674,2.594514,2.636427,2.671423,2.704685,2.739602,2.77142,2.798916,2.827792,2.852235,2.875131,2.899973,2.92096,2.94062,2.96202,2.982378
green,2.403703,2.458303,2.511644,2.554889,2.595587,2.63752,2.672102,2.705237,2.739995,2.771996,2.799328,2.828386,2.852863,2.875704,2.90047,2.921298,2.940888,2.962295,2.982657
green,2.402832,2.456796,2.509966,2.5532,2.593883,2.635859,2.67064,2.703928,2.738623,2.770765,2.798208,2.827185,2.851491,2.874409,2.89934,2.920249,2.940131,2.961903,2.982541
green,2.40375,2.457664,2.510836,2.554032,2.59466,2.636147,2.670948,2.703924,2.73863,2.770592,2.798055,2.826958,2.851332,2.874272,2.899137,2.920026,2.939536,2.961,2.981146
green,2.403003,2.45721,2.51043,2.553274,2.593637,2.635512,2.670392,2.703177,2.737988,2.770071,2.797378,2.826248,2.850869,2.873901,2.898852,2.919844,2.939399,2.960836,2.981258
green,2.403414,2.457474,2.51039,2.553596,2.593818,2.635843,2.670549,2.703886,2.738624,2.770757,2.798133,2.826803,2.851664,2.874695,2.899702,2.920521,2.940167,2.961579,2.981956
green,2.402659,2.456726,2.509733,2.553083,2.593563,2.635599,2.670408,2.703568,2.738534,2.77065,2.798123,2.827267,2.851778,2.874633,2.899557,2.920408,2.940159,2.9616,2.981838
green,2.402503,2.456474,2.509715,2.552705,2.593346,2.635044,2.669792,2.703009,2.737984,2.770263,2.797848,2.82697,2.851414,2.874459,2.899118,2.920096,2.939755,2.961224,2.981584
green,2.402442,2.456694,2.50985,2.552984,2.593101,2.635171,2.669836,2.702843,2.737829,2.769849,2.797165,2.826018,2.850569,2.873554,2.898164,2.919132,2.93887,2.960183,2.980585
green,2.402253,2.456128,2.509083,2.55198,2.592601,2.634674,2.669164,2.702333,2.737149,2.769396,2.797107,2.825995,2.850546,2.87352,2.898415,2.919358,2.939371,2.960903,2.981214
green,2.403469,2.457329,2.510135,2.553404,2.594231,2.635729,2.670415,2.703526,2.738444,2.770473,2.797657,2.826685,2.851201,2.874093,2.898948,2.920095,2.939733,2.961353,2.981653
green,2.402113,2.456376,2.509468,2.552466,2.592821,2.634837,2.669512,2.702806,2.737245,2.769444,2.797021,2.825979,2.850441,2.87326,2.898112,2.919009,2.938653,2.960051,2.980504
green,2.402415,2.456112,2.509135,2.552257,2.592829,2.63471,2.66944,2.702701,2.737439,2.769598,2.796825,2.82591,2.850503,2.873531,2.89831,2.919329,2.93916,2.960837,2.9814
green,2.402692,2.456578,2.509902,2.552977,2.593577,2.635424,2.669973,2.703135,2.737914,2.769916,2.79759,2.826394,2.850732,2.873587,2.898735,2.91981,2.939543,2.960885,2.981474
green,2.403152,2.457306,2.510242,2.553457,2.594031,2.63565,2.670399,2.703731,2.738261,2.770544,2.798039,2.827005,2.851388,2.874316,2.899356,2.920478,2.940383,2.961953,2.982178
green,2.404164,2.458445,2.511173,2.554223,2.59495,2.637157,2.671465,2.704393,2.739329,2.771467,2.798677,2.827666,2.852272,2.875208,2.900189,2.92152,2.941278,2.962839,2.983302
green,2.403888,2.457668,2.510993,2.554383,2.595015,2.637149,2.671584,2.704787,2.739537,2.771882,2.799321,2.828417,2.853032,2.87605,2.900919,2.921898,2.941609,2.963088,2.983405
green,2.404889,2.458454,2.511956,2.55534,2.596323,2.63815,2.672873,2.706148,2.740971,2.773072,2.800381,2.829661,2.854204,2.877043,2.901707,2.922579,2.942061,2.963331,2.983384
green,2.403351,2.457322,2.510977,2.554425,2.594738,2.636771,2.671396,2.704448,2.739069,2.771051,2.798572,2.827588,2.851953,2.874799,2.899432,2.920315,2.939952,2.961267,2.981806
green,2.404203,2.458151,2.511626,2.55477,2.595353,2.637369,2.671923,2.705013,2.739861,2.772096,2.799355,2.828447,2.852761,2.875469,2.900168,2.921268,2.940918,2.962235,2.982606
green,2.404334,2.458205,2.511034,2.554201,2.59463,2.636301,2.670963,2.704196,2.738825,2.770963,2.798398,2.827169,2.851786,2.874536,2.899339,2.920244,2.939942,2.96173,2.982246
green,2.403147,2.457446,2.51097,2.553557,2.594277,2.636042,2.67086,2.70417,2.738949,2.771198,2.798829,2.827869,2.852273,2.875182,2.899775,2.920716,2.940613,2.96213,2.982863
green,2.40455,2.458616,2.511795,2.554679,2.595492,2.637245,2.671816,2.705177,2.739969,2.771894,2.799501,2.828264,2.852702,2.875274,2.900024,2.921111,2.940633,2.962016,2.982418
green,2.403334,2.457448,2.510829,2.55395,2.594158,2.636136,2.670908,2.704163,2.738853,2.771094,2.798428,2.827389,2.851683,2.874508,2.899576,2.920669,2.940746,2.962153,2.982363
green,2.402648,2.456743,2.510258,2.553413,2.593887,2.635896,2.670759,2.704036,2.73893,2.771162,2.79869,2.827794,2.852318,2.875169,2.89985,2.920729,2.940481,2.962169,2.982388
green,2.403529,2.45684,2.510311,2.553479,2.594049,2.63583,2.670456,2.703962,2.738444,2.770575,2.798062,2.827013,2.85139,2.87419,2.898977,2.919995,2.939688,2.960974,2.981252
green,2.403365,2.456803,2.50963,2.552818,2.593196,2.634692,2.669464,2.70259,2.737227,2.769627,2.796966,2.82607,2.850476,2.873559,2.898599,2.919542,2.9393,2.960515,2.980804
green,2.402519,2.4566,2.509742,2.55272,2.593106,2.634919,2.669252,2.702482,2.737117,2.769021,2.796521,2.825669,2.850252,2.873296,2.898207,2.919147,2.938816,2.96015,2.98033
green,2.403552,2.457466,2.510389,2.553365,2.59395,2.635838,2.670316,2.70354,2.738164,2.770244,2.797426,2.826372,2.850775,2.873672,2.898401,2.919196,2.938822,2.960133,2.980581
green,2.403695,2.457248,2.510371,2.552854,2.593385,2.635288,2.669635,2.702636,2.737098,2.76925,2.796727,2.825881,2.850244,2.873054,2.897803,2.918635,2.938231,2.959775,2.980007
green,2.402217,2.455776,2.509115,2.552094,2.592501,2.634399,2.668691,2.701901,2.736409,2.768355,2.795961,2.824977,2.849252,2.872262,2.896926,2.917835,2.937485,2.958883,2.979341
green,2.401954,2.455821,2.508641,2.551754,2.59201,2.633867,2.668334,2.701567,2.735974,2.768134,2.795516,2.82466,2.849165,2.871998,2.896895,2.917943,2.937601,2.95898,2.979247
green,2.403236,2.457088,2.509741,2.552793,2.593382,2.635032,2.669325,2.702493,2.737227,2.769194,2.796476,2.825328,2.849939,2.872596,2.897348,2.918334,2.938033,2.959395,2.979712
green,2.401861,2.455945,2.508846,2.551554,2.59236,2.63395,2.668164,2.701593,2.736253,2.768268,2.795709,2.824565,2.849024,2.871975,2.896691,2.917608,2.93739,2.958663,2.979302
green,2.402407,2.456158,2.508929,2.552096,2.592575,2.634231,2.668789,2.70176,2.736358,2.768445,2.795751,2.824965,2.849307,2.872166,2.89721,2.918118,2.937762,2.959341,2.979822
green,2.402129,2.455805,2.509001,2.551819,2.59223,2.634157,2.668466,2.701637,2.736223,2.768048,2.795557,2.82425,2.848582,2.871632,2.89625,2.917194,2.936912,2.958289,2.978606
green,2.401699,2.455503,2.508328,2.551448,2.591743,2.633548,2.668185,2.701009,2.735502,2.767813,2.795196,2.823864,2.848215,2.871008,2.895847,2.917075,2.936766,2.95816,2.978512
green,2.401489,2.455252,2.508222,2.551285,2.591568,2.633353,2.667981,2.701027,2.735657,2.767693,2.794973,2.823976,2.84833,2.871234,2.895985,2.917109,2.936731,2.9581,2.978671
green,2.402789,2.456698,2.509744,2.552647,2.592807,2.634381,2.669187,2.702187,2.736498,2.768426,2.795956,2.824736,2.848967,2.871794,2.896637,2.91751,2.937313,2.958531,2.979011
green,2.404902,2.458145,2.510459,2.553367,2.593369,2.634753,2.669568,2.702829,2.737663,2.769925,2.797503,2.826945,2.851629,2.874691,2.900098,2.921427,2.941695,2.963669,2.984519
green,2.400822,2.454077,2.506968,2.549801,2.589919,2.632033,2.666703,2.69982,2.735217,2.767724,2.795647,2.825083,2.849893,2.873311,2.898613,2.92014,2.940484,2.962513,2.983608
green,2.401411,2.454582,2.507677,2.550276,2.59105,2.632885,2.667431,2.700895,2.735851,2.768461,2.796184,2.825815,2.850902,2.874233,2.899682,2.921064,2.94142,2.963528,2.984517
green,2.400524,2.45407,2.507133,2.549962,2.590609,2.632627,2.667146,2.700563,2.735499,2.768223,2.796046,2.825427,2.850475,2.87391,2.899437,2.920898,2.94118,2.963312,2.984434
green,2.401081,2.454038,2.50693,2.549747,2.590354,2.63212,2.666995,2.700391,2.735611,2.76806,2.795957,2.825268,2.850133,2.873775,2.899321,2.920703,2.940971,2.962917,2.984066
green,2.401582,2.455014,2.507391,2.550436,2.590758,2.632744,2.667703,2.701115,2.736203,2.768762,2.796606,2.825973,2.85096,2.874335,2.899842,2.921346,2.941632,2.963551,2.984626
green,2.402064,2.455464,2.508501,2.551324,2.591877,2.633559,2.668354,2.701783,2.736859,2.769438,2.797186,2.826712,2.851556,2.875096,2.900537,2.922017,2.942207,2.964169,2.985244
green,2.401232,2.454861,2.507534,2.550613,2.591255,2.632926,2.667803,2.700927,2.735936,2.768624,2.796626,2.826219,2.850935,2.874364,2.899798,2.921455,2.941708,2.963925,2.984879
green,2.400826,2.454179,2.507128,2.549718,2.590365,2.632236,2.667291,2.700607,2.735584,2.76817,2.796169,2.825593,2.850464,2.87389,2.89948,2.921044,2.941235,2.963425,2.984268
green,2.401011,2.454248,2.506717,2.549642,2.590028,2.632268,2.666746,2.700032,2.735173,2.767689,2.795474,2.825071,2.850399,2.873836,2.899344,2.921016,2.941354,2.963342,2.984358
green,2.401754,2.45562,2.508104,2.551046,2.591702,2.633585,2.668061,2.701405,2.736611,2.769058,2.796873,2.82643,2.851317,2.87472,2.899941,2.921565,2.941805,2.963888,2.984799
green,2.400765,2.454159,2.507184,2.549978,2.590616,2.632374,2.6672,2.7005,2.73572,2.768069,2.796051,2.825428,2.85048,2.873826,2.899396,2.920853,2.941097,2.963295,2.984652
green,2.400937,2.454723,2.507693,2.550596,2.591046,2.633259,2.668213,2.701706,2.736571,2.769222,2.797462,2.826904,2.851769,2.875226,2.900515,2.922307,2.942599,2.964703,2.985616
green,2.401637,2.45539,2.5083,2.551368,2.592225,2.63415,2.668841,2.702253,2.737168,2.769586,2.7974,2.826795,2.851841,2.875229,2.900626,2.922021,2.942203,2.964219,2.985167
green,2.402341,2.45557,2.508394,2.551401,2.591695,2.633673,2.668474,2.701881,2.736754,2.769231,2.797017,2.826618,2.851625,2.87501,2.900277,2.921942,2.942064,2.964063,2.985106
green,2.401968,2.455394,2.508508,2.551193,2.591593,2.633492,2.668231,2.701591,2.736649,2.768901,2.796848,2.826257,2.851151,2.874594,2.899974,2.921428,2.941613,2.963799,2.984595
green,2.400437,2.45439,2.507174,2.549889,2.590134,2.632065,2.666712,2.700098,2.735037,2.767704,2.795377,2.824891,2.849679,2.87323,2.89859,2.920259,2.940492,2.96244,2.983372
green,2.401309,2.454864,2.507553,2.550291,2.590661,2.632626,2.666984,2.700517,2.735165,2.767587,2.795437,2.824869,2.84985,2.873311,2.898725,2.920398,2.940747,2.962752,2.983774
green,2.401858,2.454669,2.507759,2.550565,2.59111,2.63292,2.667579,2.700886,2.73582,2.768301,2.796016,2.825516,2.85042,2.873815,2.899362,2.920784,2.941106,2.963019,2.984207
green,2.400416,2.453912,2.506957,2.549582,2.590085,2.632166,2.666851,2.700278,2.73528,2.767701,2.795506,2.824768,2.849794,2.87324,2.898649,2.920076,2.940327,2.962353,2.983462
green,2.400294,2.453548,2.506413,2.549514,2.589888,2.63169,2.666322,2.699667,2.734582,2.76696,2.794658,2.824425,2.849416,2.872844,2.898362,2.919946,2.940426,2.962542,2.983733
green,2.40151,2.454786,2.507285,2.550304,2.590407,2.632332,2.667053,2.700546,2.73549,2.767783,2.795517,2.825027,2.849792,2.873137,2.898594,2.920237,2.940584,2.962695,2.983615
green,2.400539,2.454053,2.506887,2.549547,2.590031,2.63189,2.666799,2.699938,2.734971,2.767423,2.795101,2.824754,2.849485,2.872932,2.898345,2.919828,2.940048,2.961952,2.982925
green,2.401754,2.455242,2.507878,2.551023,2.591166,2.63305,2.667648,2.701041,2.735946,2.768453,2.796332,2.825927,2.850625,2.874064,2.899486,2.921101,2.941303,2.96344,2.984548
green,2.400826,2.454086,2.507174,2.549859,2.590217,2.632211,2.666625,2.700059,2.735064,2.767527,2.795433,2.824831,2.849883,2.873231,2.898551,2.920169,2.940291,2.962544,2.983501
green,2.400946,2.454128,2.507019,2.549766,2.590126,2.632154,2.666463,2.699872,2.734932,2.767319,2.795066,2.824635,2.849258,2.872764,2.898177,2.9198,2.940068,2.96206,2.983079
green,2.400434,2.45365,2.506452,2.549354,2.589413,2.631541,2.666229,2.699629,2.734607,2.766917,2.794725,2.824069,2.849104,2.872358,2.897755,2.919264,2.939501,2.961629,2.982573
green,2.400573,2.453735,2.506438,2.549259,2.589321,2.631203,2.665874,2.698982,2.733833,2.766409,2.794371,2.823864,2.848762,2.872538,2.898104,2.919703,2.940197,2.962159,2.983183
green,2.401405,2.454891,2.507571,2.550435,2.590807,2.632678,2.667201,2.700676,2.73555,2.767823,2.795689,2.825289,2.850392,2.873858,2.899184,2.920657,2.940815,2.963166,2.984199
green,2.4008,2.454708,2.507306,2.550222,2.59082,2.632611,2.667425,2.700838,2.735642,2.768272,2.796104,2.825423,2.850289,2.873698,2.899166,2.920765,2.94107,2.963039,2.984129
green,2.400702,2.454761,2.507101,2.54981,2.590148,2.632012,2.666773,2.700135,2.73489,2.767446,2.795183,2.824693,2.849552,2.873116,2.898476,2.920003,2.940421,2.962612,2.983773
green,2.400928,2.454782,2.507226,2.550354,2.590806,2.632647,2.667248,2.700733,2.735667,2.76821,2.796231,2.825586,2.850549,2.873981,2.899642,2.921252,2.941644,2.963793,2.984786
green,2.40242,2.455681,2.50878,2.551767,2.591867,2.633569,2.668396,2.701645,2.736624,2.769241,2.797031,2.826341,2.851419,2.874561,2.899941,2.921586,2.941804,2.96372,2.984562
green,2.402136,2.45533,2.508414,2.551229,2.59159,2.633588,2.668347,2.701597,2.736629,2.769026,2.79691,2.826296,2.851091,2.874551,2.899926,2.921447,2.941673,2.963855,2.984993
green,2.401495,2.455085,2.507912,2.551008,2.591386,2.633223,2.667813,2.701307,2.736385,2.768929,2.796804,2.826225,2.851294,2.874746,2.899989,2.921596,2.941866,2.964028,2.984883
green,2.40228,2.456069,2.508455,2.551477,2.591902,2.633684,2.668515,2.701842,2.736805,2.769462,2.797262,2.826592,2.851506,2.874899,2.900284,2.92189,2.942052,2.963928,2.984999
green,2.400903,2.454764,2.507516,2.550552,2.590973,2.633104,2.667718,2.701157,2.735886,2.768461,2.796415,2.825711,2.850399,2.87389,2.898898,2.920666,2.941092,2.963012,2.984065
green,2.401027,2.454164,2.50674,2.549948,2.590452,2.632287,2.666785,2.700137,2.735116,2.767832,2.795617,2.825131,2.849951,2.873326,2.898867,2.920412,2.940917,2.963016,2.984183
green,2.401916,2.455378,2.508224,2.551218,2.591568,2.632974,2.667795,2.701059,2.735969,2.768589,2.796226,2.825689,2.850637,2.873972,2.899138,2.920712,2.940886,2.963157,2.984139
green,2.401057,2.454381,2.507252,2.549813,2.590187,2.632356,2.666775,2.700401,2.735335,2.767693,2.795519,2.824928,2.849653,2.873205,2.898613,2.920096,2.940408,2.962461,2.983474
green,2.401119,2.45453,2.506947,2.549694,2.590065,2.631623,2.666188,2.69995,2.73466,2.767099,2.79482,2.824171,2.849165,2.872377,2.897869,2.919497,2.939869,2.961734,2.98281
green,2.401294,2.455023,2.507526,2.550292,2.590735,2.632464,2.666949,2.700262,2.735128,2.767574,2.795412,2.824609,2.849694,2.873032,2.898426,2.919962,2.940264,2.962442,2.983595
green,2.401684,2.455188,2.507974,2.550415,2.590927,2.632648,2.667397,2.700933,2.735828,2.768409,2.796349,2.825907,2.85093,2.874313,2.899527,2.921099,2.941409,2.96346,2.9844
green,2.401278,2.45465,2.507113,2.550109,2.590576,2.632276,2.666953,2.700398,2.735493,2.767811,2.795555,2.825254,2.850156,2.873448,2.898742,2.920325,2.940448,2.962561,2.98336
green,2.401164,2.45454,2.506738,2.55004,2.589957,2.631965,2.66633,2.69966,2.734829,2.767481,2.795058,2.8245,2.84945,2.873071,2.898454,2.919942,2.940378,2.962442,2.983434
green,2.402024,2.455109,2.507842,2.550507,2.590888,2.632662,2.667361,2.700486,2.735419,2.767968,2.795655,2.825166,2.850003,2.873371,2.898581,2.920269,2.940695,2.962559,2.983564
green,2.401136,2.453594,2.506578,2.549324,2.589935,2.631986,2.666337,2.699635,2.734716,2.767144,2.794945,2.82427,2.849381,2.872604,2.898129,2.919569,2.93979,2.961948,2.982839
green,2.40038,2.453885,2.506254,2.548845,2.58921,2.631139,2.665839,2.698951,2.733809,2.766134,2.79392,2.823392,2.848309,2.871704,2.897125,2.918619,2.938925,2.96109,2.982045
green,2.401098,2.454369,2.506974,2.549992,2.590119,2.632159,2.666423,2.699823,2.734779,2.767042,2.794631,2.82396,2.848982,2.872379,2.897925,2.919189,2.939389,2.961374,2.982429
green,2.400401,2.453658,2.505977,2.54878,2.589064,2.630946,2.665578,2.698745,2.733532,2.766067,2.794045,2.823503,2.848576,2.871985,2.897274,2.918817,2.939322,2.961427,2.982303
green,2.400603,2.460424,2.519612,2.580413,2.628069,2.677709,2.716181,2.741712,2.781305,2.841688,2.831415,2.871464,2.89802,2.929499,2.944009,2.970907,2.995522,3.021764,3.050015
green,2.389896,2.447071,2.503736,2.548833,2.592795,2.638459,2.676537,2.713466,2.752623,2.789294,2.82082,2.85441,2.883043,2.910157,2.939518,2.96461,2.98858,3.014904,3.041181
green,2.386822,2.44389,2.500163,2.546164,2.589825,2.6357,2.673797,2.710572,2.749531,2.786293,2.817953,2.851444,2.880371,2.907203,2.936691,2.96315,2.989307,3.018104,3.045357
green,2.387305,2.444417,2.500969,2.546905,2.590717,2.636608,2.674885,2.712037,2.751529,2.788099,2.82001,2.853723,2.882758,2.90992,2.940699,2.967472,2.990505,3.023104,3.052062
green,2.387502,2.444032,2.50047,2.546488,2.590056,2.636027,2.67438,2.711424,2.75076,2.787532,2.819374,2.853387,2.882,2.908739,2.938448,2.965278,2.993081,3.026301,3.057175
green,2.387026,2.443815,2.500388,2.547012,2.590962,2.636902,2.675188,2.712614,2.751818,2.789119,2.820986,2.855079,2.884705,2.914013,2.94333,2.971027,2.997652,3.026181,3.059337
green,2.387759,2.444659,2.501522,2.548263,2.592346,2.638243,2.676646,2.714052,2.753679,2.790803,2.822825,2.856623,2.885668,2.913157,2.942772,2.968947,2.994733,3.020139,3.05586
green,2.387046,2.444069,2.500313,2.546702,2.590869,2.636724,2.674952,2.712295,2.751995,2.788973,2.820792,2.854647,2.883435,2.910297,2.93993,2.966581,2.990676,3.021819,3.053989
green,2.388092,2.44525,2.501809,2.547765,2.591665,2.637721,2.676078,2.713284,2.752816,2.789614,2.821091,2.854764,2.883369,2.910175,2.939497,2.964576,2.988674,3.017825,3.044303
green,2.387335,2.444666,2.501649,2.548517,2.592656,2.638552,2.677255,2.71492,2.754598,2.79167,2.823611,2.857337,2.885906,2.912723,2.941981,2.967272,2.990974,3.014435,3.038013
green,2.38659,2.443549,2.499388,2.545505,2.588875,2.63485,2.672846,2.709872,2.748992,2.785764,2.817421,2.85105,2.879622,2.906555,2.936081,2.961492,2.986538,3.014756,3.040111
green,2.387521,2.445457,2.502149,2.548951,2.593229,2.639243,2.677815,2.715331,2.755183,2.792122,2.823813,2.857745,2.886616,2.913533,2.943288,2.968574,2.99407,3.018494,3.048497
green,2.389176,2.450013,2.509407,2.557903,2.602726,2.650553,2.690975,2.729956,2.77101,2.809476,2.842592,2.87779,2.906779,2.931781,2.957544,2.980676,3.000538,3.026623,3.048471
green,2.386853,2.444292,2.501179,2.547222,2.59128,2.63695,2.675332,2.712746,2.752074,2.788987,2.82086,2.854859,2.88368,2.910844,2.940434,2.965616,2.990355,3.016226,3.042257
green,2.387911,2.444532,2.501337,2.547412,2.591678,2.637324,2.675702,2.713094,2.752177,2.788761,2.820496,2.85417,2.882832,2.910037,2.939388,2.964486,2.987914,3.015682,3.043273
green,2.387124,2.443298,2.499898,2.546288,2.589913,2.635808,2.674107,2.711342,2.750442,2.787118,2.818573,2.852165,2.880858,2.90819,2.93735,2.962167,2.986175,3.012219,3.038296
green,2.386254,2.443103,2.49952,2.545192,2.588695,2.63407,2.672043,2.709083,2.74819,2.784587,2.81622,2.849791,2.878524,2.90529,2.934572,2.959595,2.983274,3.010251,3.036801
green,2.387176,2.443825,2.500077,2.546257,2.590244,2.635967,2.674001,2.71079,2.75012,2.78668,2.818183,2.851605,2.880088,2.906875,2.936202,2.961035,2.984452,3.011736,3.039826
green,2.386782,2.444069,2.500025,2.545763,2.589217,2.635082,2.673073,2.710547,2.749635,2.786177,2.817789,2.851385,2.879949,2.907115,2.936515,2.9624,2.987332,3.012764,3.043213
green,2.387281,2.444482,2.502479,2.549512,2.593889,2.639692,2.678664,2.71603,2.755516,2.792837,2.824874,2.85931,2.888393,2.916052,2.945644,2.971049,2.994646,3.01886,3.045589
green,2.38716,2.444041,2.501336,2.548022,2.592371,2.638621,2.677202,2.714754,2.754529,2.791778,2.82385,2.857848,2.886859,2.914024,2.943092,2.967233,2.989564,3.017921,3.046513
green,2.387571,2.445434,2.503259,2.55026,2.594813,2.641998,2.680855,2.718688,2.759178,2.796524,2.829121,2.86331,2.892395,2.919704,2.949634,2.974174,2.999423,3.029722,3.050826
green,2.387019,2.444118,2.500913,2.54726,2.590837,2.636902,2.675733,2.713069,2.752593,2.789363,2.821394,2.855691,2.884705,2.911921,2.941391,2.966648,2.99025,3.020479,3.052499
green,2.388465,2.445821,2.503046,2.549214,2.594074,2.640241,2.678595,2.716328,2.756134,2.79352,2.825596,2.859588,2.889044,2.916093,2.945731,2.971687,2.998807,3.029435,3.057165
green,2.387854,2.446096,2.503042,2.549663,2.593922,2.640421,2.679103,2.716872,2.756973,2.794624,2.826844,2.861149,2.890419,2.917899,2.947789,2.973293,2.997893,3.027602,3.062377
green,2.387143,2.444155,2.500726,2.547239,2.5911,2.63727,2.676004,2.713076,2.752584,2.789396,2.821301,2.855294,2.884132,2.911027,2.940444,2.965717,2.99294,3.027713,3.070746
green,2.388924,2.446179,2.503491,2.550335,2.594234,2.640777,2.679656,2.717159,2.756997,2.794178,2.826468,2.860686,2.889985,2.917402,2.947483,2.9726,2.997906,3.02722,3.054585
green,2.387209,2.444801,2.501775,2.548522,2.592783,2.639373,2.678042,2.715824,2.755498,2.792668,2.824913,2.859113,2.888026,2.915251,2.944821,2.969816,2.995279,3.020723,3.07397
green,2.389366,2.446543,2.503222,2.550099,2.594144,2.640595,2.679312,2.717014,2.75692,2.794277,2.82648,2.860649,2.889512,2.916763,2.946397,2.972143,2.996526,3.025081,3.066601
green,2.389159,2.447071,2.503742,2.550001,2.593932,2.640481,2.679623,2.717115,2.756902,2.794166,2.826359,2.860361,2.888875,2.915624,2.945305,2.97029,2.996742,3.026467,3.05518
green,2.388976,2.445604,2.502331,2.548992,2.593215,2.63965,2.678127,2.715657,2.7551,2.792263,2.824251,2.858377,2.887182,2.914397,2.943872,2.969065,2.992126,3.019402,3.047069
green,2.387858,2.44575,2.502266,2.548793,2.592675,2.639137,2.677581,2.715216,2.755184,2.792349,2.824319,2.858309,2.887171,2.914237,2.943686,2.968618,2.992996,3.020282,3.051388
green,2.388019,2.444828,2.501589,2.54822,2.592448,2.638301,2.676969,2.714318,2.753555,2.790652,2.822667,2.856404,2.885008,2.91181,2.940894,2.965608,2.988831,3.015572,3.054184
green,2.389021,2.4468,2.504334,2.551114,2.595726,2.642336,2.681103,2.718821,2.75873,2.795993,2.828748,2.863083,2.892432,2.919786,2.949544,2.974289,2.998362,3.027919,3.053009
green,2.389281,2.445746,2.50372,2.551199,2.596181,2.643065,2.682648,2.720553,2.760758,2.79852,2.831303,2.866071,2.895711,2.923654,2.953887,2.979051,3.001932,3.026452,3.060194
green,2.388713,2.446539,2.504775,2.551867,2.59672,2.643663,2.68305,2.721112,2.761469,2.799116,2.83185,2.866691,2.895844,2.923537,2.953737,2.977804,3.00059,3.030128,3.065334
green,2.388509,2.446934,2.50482,2.552171,2.597348,2.644387,2.683567,2.721889,2.762221,2.800257,2.833045,2.86762,2.897288,2.924912,2.955128,2.979987,3.003298,3.027863,3.052638
green,2.389354,2.44643,2.503733,2.551149,2.596936,2.643414,2.682715,2.720645,2.760859,2.798691,2.831344,2.865932,2.895227,2.923208,2.953078,2.978292,3.00182,3.026208,3.052299
green,2.388093,2.445959,2.503221,2.549907,2.594408,2.641021,2.680027,2.717607,2.757524,2.795159,2.827273,2.861778,2.890946,2.918259,2.94791,2.973419,2.998262,3.025474,3.052177
green,2.388168,2.447086,2.507081,2.554741,2.599816,2.647259,2.686878,2.725775,2.766782,2.805168,2.838111,2.873398,2.903534,2.93132,2.96218,2.988613,3.01417,3.035456,3.059147
green,2.38852,2.446879,2.504262,2.551679,2.596839,2.643923,2.683267,2.721389,2.761867,2.799824,2.832385,2.867301,2.896934,2.924613,2.95437,2.978963,3.003049,3.030641,3.054705
green,2.389683,2.44823,2.506152,2.553787,2.598709,2.64581,2.685586,2.723713,2.763977,2.801651,2.834001,2.86852,2.897526,2.924403,2.953842,2.978333,3.000278,3.024777,3.049547
green,2.389173,2.448025,2.505627,2.552886,2.598251,2.644936,2.684571,2.722543,2.762977,2.801033,2.833718,2.868719,2.898291,2.926274,2.956421,2.981493,3.005044,3.02487,3.048464
green,2.388792,2.447309,2.505236,2.552064,2.59736,2.644124,2.68362,2.721791,2.762425,2.800037,2.832572,2.867641,2.897271,2.925136,2.955382,2.981117,3.005309,3.033587,3.056575
green,2.389251,2.447039,2.503811,2.550484,2.59478,2.641111,2.680166,2.717541,2.757221,2.794529,2.826628,2.860546,2.889646,2.9171,2.946954,2.972218,2.996241,3.023248,3.048257
green,2.387704,2.444412,2.50076,2.547088,2.591101,2.637322,2.675494,2.712853,2.752381,2.789297,2.820968,2.854944,2.883699,2.911215,2.941075,2.966855,2.991725,3.019475,3.047265
green,2.388962,2.44622,2.503484,2.549761,2.593859,2.640608,2.679269,2.716492,2.756178,2.793285,2.825441,2.859637,2.888497,2.915966,2.945684,2.97115,2.996017,3.027663,3.053705
green,2.388779,2.446206,2.502978,2.549317,2.593805,2.639957,2.678745,2.716538,2.756583,2.793836,2.826021,2.860468,2.889456,2.917439,2.94774,2.973651,2.998597,3.02528,3.056769
green,2.38898,2.44612,2.503258,2.549645,2.593656,2.640083,2.678791,2.71633,2.756032,2.79337,2.825526,2.859777,2.888549,2.915909,2.945972,2.971585,2.99521,3.023345,3.052917
green,2.388632,2.446898,2.504755,2.551559,2.596272,2.642874,2.681885,2.719881,2.760068,2.797993,2.830616,2.86504,2.894372,2.922207,2.95237,2.977963,3.002934,3.030368,3.06064
